,playlistID,playlistName,nTracks,type,owner,category
0,3oHKokI6S1vVN7x8ZvttRH,Finnish metal,411,user,wolfheartrealm,Finnish
1,6J5vntCpqrd9v6eYZFTfkZ,Finnish Metal & Rock,311,user,jesser√§is√§nen01,Finnish
2,22YG0ySm0uwkvFr32KlXSS,Finnish Black Metal.,69,user,megzhfje7gdfxpov4j1g99tyy,Finnish
3,6z5pGvYKSjFZ7nMnnLr1rQ,Beast In Black - The Complete Discography,25,user,1tgjihep1h707i6l9vclckzdv,Finnish
4,14CClSv1BEvWt6kCPPc2nW,Battle Beast - The Complete Discography,64,user,battlebeastband,Finnish
5,0VIFRdDKyTqPghiYUu191o,The Sound of Finnish Black Metal,221,user,thesoundsofspotify,Finnish
6,24MlnKdFh9z4sEjXSHZvMD,Folk Metal Big 5,58,user,korpiklaani_official,Finnish
7,64e6NyNA83bb5rwk2TNnJn,Metal Made In Finland,567,user,cqx5kkzy81adohacjt4j7bayi,Finnish
8,5c5jzgkXerrKba1p9FGiRp,Finnish Black Metal,301,user,31jidklnlk2akxqmqym7cetllozu,Finnish
9,2CO3XD0bYwJJmgkXuvf3PC,Finnish Melodic Death Metal,343,user,monia-lisa,Finnish
10,2om7cvrDPE3QmbwlTXDq5v,Finnish metal,323,user,servantofsorrow,Finnish
11,0RFY4dKzvQxsPuUf3Jqb7X,Finnish metal,545,user,jakezi19,Finnish
12,0xVjRaNI0K5XPQArCpS2ss,Finnish Power Metal,89,user,118525299,Finnish
13,55OgmquScJR1cPxbhx4UYp,Finnish Metal,51,user,v37gerqh0kguhgd2n1smm8ox5,Finnish
14,48pwOK0uw9hDpI17CyfYC7,Stratovarius Discography,368,user,titantanic-77,Finnish
15,49pzaw2wZffQYU1AyArglY,BIG‚Ä¢LIST,1054,user,1174841006,Finnish
16,5KxRqh40KQFZj28dM5qF7d,Finnish Death Metal,30,user,z2yyhb2xpumt3dcp4h6up5m9e,Finnish
17,4tswt4gAeGoAQ7pYqCi8YZ,Finnish Heavy Metal,23,user,11162865744,Finnish
18,0M2qFwf1tWk9AcCXJqhXuD,Finnish viking metal and rock (basically),62,user,torican,Finnish
19,1sga5wWpgQZXCItWpBUep7,Finnish Black Metalüá´üáÆ,405,user,ko7hjw6vu99hlimgw4pdb81sp,Finnish
20,5xogEAb6QRTor1tl1BVykq,Finland üá´üáÆ Finnish Metal,102,user,21ycsph2j7tp5vahnz5ijydxa,Finnish
21,4KrNPpBq2dXFFRBbyfO4zx,Finnish folk metal,25,user,ratiritiralla,Finnish
22,1rgQAmedo2zCbmyvRMGu4n,Finnish mythic metal,38,user,kylath_kilstar,Finnish
23,26RA6GjOgHu3BLCVM3eWJ2,FINNISH METAL,63,user,1269476107,Finnish
24,7xKaS3sBbUygcuBTeRL4MQ,2015 ‚Äì 2021,972,user,liisi.lauttia-fi,Finnish
25,4n2A6t6xunIpptCusqDNdV,Tungsten,549,user,hgw7d2h6055adj36om428yceg,Finnish
26,1nI1f37ZMiVDXajpQxBd5q,Vxt's Melodic Playlist,61,user,1234267523,Finnish
27,2uJReT4tTgYk3AK1PbOJVD,Rock/heavymetal,200,user,miko.maklin-fi,Finnish
28,26VhBJq8zqqlxOU4QmplJT,üí£ Melodic Deathmetal & Blackmetal üí£,88,user,78b68q41qs7bkchhx59zjmjoj,Finnish
29,44I8QnjoPQDXn932YOXnFk,W.A.S.P. ‚Äî I Wanna Be Somebody,315,user,216hbtkvg32w6bgehmbijocyy,Finnish
30,1w9xOmjcr0VVHHtYyGGIkk,Finnish Death Metal,183,user,21ofqn2tmakcua66kwesz4jai,Finnish
31,3FWrtsAlOFpiDDZ56VVOYK,"This is Kaunis Kuolematon (Melodic Death Metal incl. Dawn Of Solace, Hallatar etc.) | Noble Demon",29,user,n60mmuv4rcbis9zo6iziy0c6d,Finnish
32,3XL3LswHtLyMkh0sYSf9vn,Finnish Death/Doom Metal,126,user,m1hf44ji96zmcsypztn8ywa6v,Finnish
33,1eIbL3iDDtRgbJ1iYtpS1S,Early 00's finnish metal,343,user,thek4in,Finnish
34,2mKiPJ8vhFEssS6fLfToYB,Finnish folk metal,123,user,josemuelasoto,Finnish
35,18oX7hhCoQ3AIQyBmtD6Fn,The Sound of Finnish Metal,317,user,thesoundsofspotify,Finnish
36,7Ky7mnFOobBYJMFnNtLN8O,The Sound of Finnish Death Metal,308,user,thesoundsofspotify,Finnish
37,2qP1BOIxWwGcApaORS2rQs,Finnish Metal,280,user,o4u0wk06md0mq8fad329t91v0,Finnish
38,4zsp3gvtquWTmLAwoYXnJW,finnish black metal,2050,user,tomi.valumaki,Finnish
39,4OyYT0eJy81mEYOza5mgwa,the shuffle beast,1069,user,21b43q2zg3ipujexeqdhmyevi,Finnish
40,3oozrBUmwW1hAof7hcJotE,Finnish Black Metal,593,user,unknown91,Finnish
41,1NkIQcQc7pZVUaqT3JnQq9,Finnish Death Metal,121,user,whomaid,Finnish
42,30g8LXPv68DyDGnsICFmO9,Cruising 2020,387,user,-hd-,Finnish
43,5ceqrm3OhYHIrr1EG7d4EQ,Finnish Black Metal,40,user,1299428071,Finnish
44,1B94WDkMnkmkUKMOwtrdsS,finnish power metal,325,user,defaltdft,Finnish
45,39RAKqYv3OzX0fpRYJldLQ,Frosty Blackened Metal,100,user,1122152043,Finnish
46,1Itfx1M6gNYW6reCcSLhK9,Black Metal Mixtape,305,user,21s3aphfe663o3fzfqivqn3ha,Finnish
47,6tMHH71gbE2UcAM9dbdABA,Finnish Metal,203,user,vilho_vanhalakka,Finnish
48,4ec5CnIcj98GZMVq14JlH6,Matka muinaiseen Suomeen,37,user,ok4esy5ukur195qbf4thpa2pd,Finnish
49,33KhDl0itx7zYyzuEhwDQA,The Sound of Finnish Power Metal,138,user,thesoundsofspotify,Finnish
50,51NFXQebO9YajKftFdHvoq,Finnish Death Metal 88 - 94,448,user,12159691916,Finnish
51,0WTHqrNAxzZFpu2ViwDTWo,Myyzik,6085,user,5vmcnw9nehyfbinnggdrutj8b,Finnish
52,5jgJjlYIOnAPuAIcCRhaC7,epic melodic death metal,585,user,317yjywewjd4x4wzbofltzlrx6ya,Finnish
53,0EVDoZSLIg14jqUoBWwNbh,Best of Finnish metal&rock,23,user,zacharov,Finnish
54,3OAvTfq8FCVwbrhTzl3rxa,2016.28.2. Finnish Metal of the 2000s,209,user,mp4401,Finnish
55,2e0Kdbg4QuE04gf0MPdnOF,Finnish Death Metal,345,user,kbdjd01fcij7jybyblhu27wjt,Finnish
56,25AlsoyrTUgkDq9aDU7p44,GTA V HEAVY,64,user,kalsberi,Finnish
57,5VrtPVk6ZWGJE2eRga4kSu,POV: you're a millenial teen and Finnish metal is your e n t i r e life,29,user,milenaglavonjic,Finnish
58,3D8C6FRLGG1zOuSKmOaUkE,Uutta metallia suomeksi / New Metal in Finnish \m/,42,user,jstyles,Finnish
59,2mYK8lysoDnMe0k1Udh86Z,Norse Folk Metal,402,user,erikweitzel00,Finnish
60,74gTexJk2cm5oDx9q331Cq,The Rotation of Rotatory,403,user,purrnuu,Finnish
61,54gzUaEXqQCGaP33XmwYvg,Finnish Death Metal,53,user,86qhyyfvpfepqul7lv34f9vwx,Finnish
62,4PjGW8CyIEts0ZsMkVWou9,The Sound of Finnish Doom Metal,264,user,thesoundsofspotify,Finnish
63,0Q9xwZCA3WNcf0Qa0DpiV3,Finnish Black Metal üá´üáÆ,380,user,1245418101,Finnish
64,3RUntMTx9bimUZcUdmckj8,‚öîÔ∏è Folk Viking Metal ‚öîÔ∏è,120,user,78b68q41qs7bkchhx59zjmjoj,Finnish
65,3I5iDxFlXw9xOhLBsT6o4D,Finnish Rock/Heavy Metal,747,user,1127717256,Finnish
66,5g50VaRH6kBIhvVku359lR,Helvetisti Metal/Rock Musaa(Non-Finnish),703,user,31vijpcqzibjexn37h6u6el2ks6i,Finnish
67,1qkKXNSopxMLn6S8MdWZHl,Finnish Black Metal üè¥,71,user,1218274668,Finnish
68,0P8cgoIpcQFxKdJ9wIesix,Finnish rock/metal bands,431,user,mr_stevens,Finnish
69,3pciplDq5qNr8gTpT5argw,Finnish metal bands playlist - my 50 top bands from Finland,231,user,32l08sg58xq733p9f9snkl7ma,Finnish
70,7FC7uMkgJLSz1VIXrEpA0n,2020 in Finnish Doom Metal,100,user,particledetector2020,Finnish
71,5scvb55zs5Pt444xNSoBAB,Finnish Death Metal üá´üáÆ,224,user,k7yinmmodqslfcyfg2qn68ych,Finnish
72,5OSObpWqU1bGlq4r45ncq3,Gym Metal,86,user,ergosphere1,Finnish
73,4op068DU7M3kjO0zeHSNEI,[œü] Effective One [œü],79,user,vq3vonnlq9d61c3adhlg2yedv,Finnish
74,14Etpb4MSF8YlrfUvWxPYx,Finnish Metal,67,user,atte_pylvas,Finnish
75,3JpFgXdYJxvxJTypFMEOkD,Sex And Depression,155,user,11102365620,Finnish
76,1ISlDKdXjSNP4eVrLO3TMg,Finnish Metal,6130,user,9crlumkg51narw52zjsj0cofh,Finnish
77,6bHk8LwkAOD7zizNuHLMqC,finnish metal,229,user,mx75yo6pa92vwvyvinbd87lcm,Finnish
78,3q6tWHTlbX7hQ5VNdl9i3B,Fennometal,230,user,timovuorensola,Finnish
79,2lVCR7DQuUzARhD90cGoLZ,Takatalvi,38,user,vittupaskaa,Finnish
80,7EJoj112ZHv8xfSYp6yVj9,"Nordic Scandinavian Dirtwave - Punk, Rock and Metal from Scandinavia",44,user,1116409350,Finnish
81,66XBGyZV48NEcgUloFFuKM,Really Very Good Heavy Music,116,user,timo.huttu,Finnish
82,7gbnRLFh9wyfwGsoz8wDb5,Alex's Picks,24,user,at7q947rkzees11vsls6wrcel,Finnish
83,1qCudlJsZgFEDwOEM8Lywa,Finnish Metal band,351,user,juge90,Finnish
84,7n8lDijGYrkrEcEyyEI6G9,Viking metal and finnish folk,36,user,blindf0x1,Finnish
85,1x5cmjrGVar6e01K1UbBv9,metal,68,user,wilma.hietaniemi,Finnish
86,2zDfKdQJgcsR079nHrvH0O,Finndeath 1989-1999,83,user,itsazyr,Finnish
87,2Nc8NTC20xax4W4PERqCGZ,Melodic Power Metal,1756,user,bocephusdejumbi,Finnish
88,7m8XiVQ9qXJqem9CAQ4rGt,Finnish Metal üá´üáÆü§ò,133,user,musicmaestro1-se,Finnish
89,3BuO437vJ0B9I4ZnBTrnCu,Finnish Death Metal,108,user,lefthandpath91,Finnish
90,6vB465vSK8y1vjnUavmEpj,Finnish Metal Offensive,278,user,froger3,Finnish
91,3ycufdDm7lN4kdt2Dk52b2,Finnish Goth/Rock/Metal,188,user,vlad-vlad-vlad,Finnish
92,1Pg0hyOtBTflzvQzQPOIuQ,Finnish Black Metal,57,user,v140njbv42vkbbmfao9ecn3to,Finnish
93,1xsfs8Arszt3zXaIzgmxUY,"This is Red Moon Architect (Doom Death Metal incl. Dawn Of Solace, Kaunis Kuolematon) | Noble Demon",35,user,n60mmuv4rcbis9zo6iziy0c6d,Finnish
94,4IvlTvWDA5rfb9iQYNfmFm,Metal and rock in finnish,207,user,pundevir,Finnish
95,615tZq54HsnoJgzgglxgMM,Finnish metal,26,user,zilgah,Finnish
96,1aWsqi9olZcrFuwF7pSyq2,The Unsigned Finnish Rock Collection,167,user,jstyles,Finnish
97,5W45sDKNFKn1Thco1pNqTa,Korven kuninkaat,87,user,benniinator,Finnish
98,3QaUnnwrUIU76WjjKUb6hW,Finnish Metal,50,user,winter-jane,Finnish
99,4WMVKUuQt6F8fzLppphHaE,"You Like Finnish Metal, Perkele?!",50,user,o41p4hl32vq1w5bcar8hmv1z6,Finnish
100,5Sa2cmqDN1lLIv4FGlee9U,Jyr√§: Ultimate Finnish Metal ,98,user,112758802,Finnish
101,2Ufxku3Gd21QjhKG7Af1tM,Finnish Metal,131,user,supremeskeletor,Finnish
102,4Uhi0eaA43t2LurPBIDkg3,Finnish Gothic Metal,48,user,headbangermind,Finnish
103,7y1Wwudfvxq4vhoi2hS7SP,FINNISH METAL,24,user,1267487827,Finnish
104,5pNIPGF1cqoSlv0ABpMbnS,Folk Metal (Finnish),102,user,ja2m978ijmw6mwupe69rddsxr,Finnish
105,0q4s0vljQbINmfm7DkFgOy,finnish folk metal,47,user,cowtastic3333,Finnish
106,4TuEzlDxkAQB6GTyIWKD9H,MetalPro,4959,user,1137335122,Finnish
107,2UJDOYsl5u7GzCcNOPr1SV,ü§òüëπ Finnish Heavy Metal üëπü§ò ,33,user,emreb,Finnish
108,6mYZpwmgJ4tTFq38FHrEai,Finnish metal,85,user,1198556521,Finnish
109,70wjUGA0oscaN77vFYa5pP,Haley's Finnish Metal,21,user,91awf76801aj7yq7p99xkk4wk,Finnish
110,4OXvmG7Cu9psZ1mKpnchxd,Finnish folk/pagan metal,42,user,feruen,Finnish
111,14cR0EyIN2zLdQl5g6jVca,Finnish Metal/Rock,107,user,11143714920,Finnish
112,4bWRJKDmAt7YpcDzTBM8cl,Finnish Rock & Metal,202,user,niklas.nest,Finnish
113,5GuFiOqbgADMUgELFkvasH,Finnish Metal,87,user,giowolf,Finnish
114,3b1u7kqbcuXVtjMKNhEz6D,doom,176,user,64z3k7z6y7ev806bbm511a61m,Finnish
115,6VUJJf9bpvGoLFupVRdfeo,Metal/Rock/FinnishMetal,220,user,11180129126,Finnish
116,1tUOMAxRDkmkQs9ioUDQJS,üñ§ Melo Death ,160,user,11102341569,Finnish
117,0Zpntk67gfFdlJGN9Lb0JU,finnish metal,28,user,osku061,Finnish
118,6VyyhJ4lJQt2EILUUqP47O,Finnish Metal,119,user,1156095675,Finnish
119,6svoTuEhxDdYN2Ll55ROgc,Finnish metal/rock/alternative,26,user,ocsfwhbbezuwg0s0cfug5pmpj,Finnish
120,6XWprCjFyNCanTIlAK3i76,Finnish black metal üá´üáÆ,168,user,camilaestefan√≠a_18,Finnish
121,2BvXJTsOXmw3m1snDGGNbj,Finnish Hardcore Metal,57,user,1160313497,Finnish
122,2aPiq3AsCIboARd9bwCTGp,Finnish Black Metal,65,user,jneu94,Finnish
123,1VScpXbbYtYBkdkwj2qzhz,Children Of Bodom: The Essentials,40,user,jonathanterra,Finnish
124,0lF7jQ3nGOKeZVnLcLJOsA,Finnish Metal/ Treenimusaa by Kim,25,user,super-sonic-hki,Finnish
125,6vvRJ52EjuYZkXb5ppiOHa,Toni's Heavy Metal and hard rock,212,user,11145093173,Finnish
126,4YZDWGtLABsKmCztc1MiCA,Korpiklaani,25,user,duanesmit,Finnish
127,2tpVq3QCBHabSkldi4Irf2,Best Of Lordi,30,user,1ntqikfmz5o5ego1fy526eyj0,Finnish
128,4y2aNiOT0MwyJnHOaONz5N,"This is Oceanhoarse (Finnish Heavy Metal by Noble Demon incl. Ozzy, FFDP, In Flames and more)",45,user,n60mmuv4rcbis9zo6iziy0c6d,Finnish
129,0XQ44YjunJSfUH0rSYuuJ0,Nightwish at Abney Park on Blackmore's Night,65,user,kwhbtwn55hr6tiylqtvty7dw3,Finnish
130,5NaVDT8TK2cNr7Bba8e9Cz,Ben's Favorite Playlist!,1391,user,11136142953,Finnish
131,0pEYl7kGhUF4Vt9MxcQwby,Tarja Turunen: The Essentials,35,user,jonathanterra,Finnish
132,18MY0LGoUfC1Vd1zIM0KlV,Floor Jansen,44,user,fire-and-ice,Finnish
133,1GwpJCTuers7vzSeIUCMF4,New Artists to Follow,47,user,musicfinland,Finnish
134,4fvIddC8iGkoY49mUTyg3O,Norwegian Metal,188,user,nordicmusic,Norwegian
135,5T1wQmabD52xgx7ceMGExr,True Norwegian Black Metal,22,user,blackmantisrecords,Norwegian
136,1haiU41sE2Lzj6czxAnWIG,Norwegian Death Metal,33,user,12143508321,Norwegian
137,7EULgJOfMGTnJ6HPavdkeY,True Norwegian Black Metal,141,user,novawinter,Norwegian
138,7mf9dWMWdQsSEXBOphoAE4,üî±True Norwegian Black Metalüî±,642,user,trydud,Norwegian
139,6CvnqgR6kzaIjl464fESWg,Black Metal Ultimate,292,user,lroe.,Norwegian
140,6zek6HyvF9HbtkFGiayDuz,Dimmu Borgir - The Complete Discography,126,user,dimmuborgir_official,Norwegian
141,0iEN4fexxmULlubvtYjjIM,TRVE KVLT,305,user,ryanrigley666,Norwegian
142,5z15EX885khHVinPIn88iK,Until The Light Takes Us,24,user,11160216426,Norwegian
143,6MQzfYtYgrv1LbBAOtv2UX,Norwegian Metal,250,user,8zpg4wyaeeyoist1ijpxni4qc,Norwegian
144,2nEQ2jgGhcfZu3lgAFe65K,Enslaved - The Complete Discography,153,user,enslavedband,Norwegian
145,1zXemfKh7wEN5WQFF7J4tg,norwegian death metal,198,user,tatejones904,Norwegian
146,4SvfvKmR0KBqd3swo3PXRI,Norwegian Folk Metal Bands,630,user,laurond,Norwegian
147,5GbwLwvPOLuYu9teEL4ZUC,Norwegian black metal,67,user,agnes_selin,Norwegian
148,3PMa3SRomXbnYX6sYaJHvw,Norwegian Black Metal,70,user,322t957lnk8zr7z61kyrlyb1i,Norwegian
149,2aTg8quLWylffjtXFaLi6N,Norwegian heavy metal,27,user,hobojack03,Norwegian
150,5E06Cewsdf1zIuPKKvp5Ft,TRUE NORWEGIAN BLACK METAL,185,user,mpe1tfoqg3zuvvps4dn6kro5e,Norwegian
151,5vhqsdshOJDUoZr0eaH2kG,Norwegian Black Metal,1852,user,animetrashnick,Norwegian
152,6fRcymlexxMU2JBXRrU5rV,European Death Metal / Black Metal,126,user,eyman.art,Norwegian
153,43R2LRGY9MWqkYZrExCdvm,lofi norwegian pirate metal,84,user,jpl6728,Norwegian
154,2d1dNrH3cKni4FRKZGynE3,Depressive Suicidal / Ambient / Black Metal + some classic Norwegian stuff,1254,user,joebreitman,Norwegian
155,53mMWb2Ik6kmsbm63v1Bzv,Norwegian Black Metal,97,user,nordicmusic,Norwegian
156,0NjOZ2VfW8oS3bFqWRpECq,true norwegian black metal,265,user,gbfde2mykjfcpv684cmkxu7f7,Norwegian
157,4CsY4UGteIgvT7bg0re8XL,Modern Norwegian black metal,202,user,wcxevqmunogirwmopzdtdbdg9,Norwegian
158,7mCKps5qkrTMtPHr8Gvt7V,The Sound of Norwegian Black Metal,365,user,thesoundsofspotify,Norwegian
159,1T9yTNw2i0CFClanlVMVU9,Black Metal Favourites,491,user,1142679567,Norwegian
160,2cxtSLMPrlV47IzpyzdjD0,Norwegian Black Metal,98,user,nuclear.winter,Norwegian
161,2AYDfzNQLU5XWSKWOEHDqD,True Norwegian Black Metal,66,user,m.skei,Norwegian
162,3JvxPwfz5njO7lzpAyoEWB,The Sound of Norwegian Metal,261,user,thesoundsofspotify,Norwegian
163,7Lx44l9uE2mQjrK65CJFe5,Raw Black Metal,80,user,xenon82,Norwegian
164,6tVdIrYfWKB0FOo1nq3zP7,True Norwegian Goth & Doom Metal,511,user,albertvedeler,Norwegian
165,7GxzBLduqwcmlN7JIvnqAD,True Black Metal,4189,user,bilgeyamtar,Norwegian
166,0wnLZfwbehvQkv6f2GpPbb,norwegian death metal,29,user,littlekate2003,Norwegian
167,6O2ulk3EoqWn78FRj4RBEA,Norwegian Black Metalüêà‚Äç‚¨õ,22,user,31idxf6ovvhzdutvhfawly42kbou,Norwegian
168,5UwmZX626ACgV1imxTXerc,True Norwegian Black Metal,532,user,ncvi9c3m86zb6hvmzlmb2ywps,Norwegian
169,0DdmP0PS1rH1bGH3fIfdgt,Norwegian Metal ,75,user,867ip0bx240hp2ipbdcp7rbat,Norwegian
170,2503UVyKp7HpNcz4eQgkJv,Vidar,204,user,kvelertakofficial,Norwegian
171,0qI9jqm4vgyzpQcv2mVYGv,The True Norwegian Black Metal,94,user,valarmorghulisgabriel,Norwegian
172,20yNFV8gtCsACjmeixoy8m,Black Sabbath's ambient music,40,user,neonblood5671,Norwegian
173,2mthyGqDe6NqGljo1DVm1I,Black Metal,277,user,fo4w84kpcadf8ul6migivtz8m,Norwegian
174,6ThIwBoWzBJL6YhAVggeh0,TRUE NORWEGIAN BLACK METAL,95,user,lauri.viinam√§ki666,Norwegian
175,1Itfx1M6gNYW6reCcSLhK9,Black Metal Mixtape,305,user,21s3aphfe663o3fzfqivqn3ha,Norwegian
176,12Cryw6KZOgmp12bWffy8b,90's Black Metal,148,user,11133024949,Norwegian
177,0eAwGxJq7I2jnnY711rMEG,Norwegian Black Metal,94,user,31rjzftedganahaevn4z3z3b2zry,Norwegian
178,6fWI3chpTbEN1kC7FCy0yk,The Sound of Norwegian Death Metal,163,user,thesoundsofspotify,Norwegian
179,3yZztAT95es1S7UQZ89Pnz,The Sound of Norwegian Doom Metal,147,user,thesoundsofspotify,Norwegian
180,50LGvJcgbsvWYenJoS5qOM,True Norwegian Black Metal,80,user,lenayjulia2,Norwegian
181,5DLWAqmTam9xx3uoc6fnGs,"""Inner Circle"" of  early  Norwegian  Black  Metal",41,user,31rjzftedganahaevn4z3z3b2zry,Norwegian
182,0ZaOOeNhXgLTVEMBSEhHxr,Viking,58,user,lillyredfield,Norwegian
183,1zChSmIPPmF4aFP7xOh6gy,True Norwegian Black Metal,21,user,11182918315,Norwegian
184,6f0KMTXsjHD1SoZk293rcg,Into The Black Masses,34,user,1168422110,Norwegian
185,4xdEVYkGCzvkPyHECtN9aZ,True Norwegian Black Metal,121,user,jf3cobnwvo54bodxqv0fw6tqj,Norwegian
186,6xGgDLQZM01ZRPSkHFlzpv,Norwegian Black Metal,228,user,lw939118,Norwegian
187,1FNzT263KnzKU5usiLIhu5,90s Pure Norwegian Black Metal,82,user,√∏holt,Norwegian
188,4eBQpe0UQEGOYj5R5E6716,Norwegian Black Metal 87-96,605,user,21rqizmfitvox4qsodaaoeavy,Norwegian
189,2KxjrmbDAWODLD1CsB2nNB,Pure Norwegian Black Metal,180,user,1256511530,Norwegian
190,2mYK8lysoDnMe0k1Udh86Z,Norse Folk Metal,402,user,erikweitzel00,Norwegian
191,5BML6CdH2ZSy3qUkB7J5qA,Pirate Death Metal,35,user,gy4o3rkfl5z8zv9n5hw2y6qly,Norwegian
192,5YBqHMTTelWMSW3eHN2G02,True Norwegian Black Metal v2,99,user,1213389476,Norwegian
193,3Zt4YYRZsVbgcF0Of3ZXqN,~ Black Forest ~,245,user,313fjijiufwh3kjifb3incvitma4,Norwegian
194,1OKnG6Mbf9EySfDW01Qmvi,Norwegianüá≥üá¥ Black Metal,42,user,21yry74ujgns4klpc6p3hqeha,Norwegian
195,7eb0FgY9aff7xy2pqShHmL,Norwegian metal 2020-...,74,user,kjinge,Norwegian
196,0t1784lSMaUrc2ZJ6rIodU,Norwegian Black Metal,35,user,818wob0xbmhg0s6qtw8aylmvx,Norwegian
197,0Qhd0aatnK3Xj5ORkEp6em,Norwegian Metal,207,user,11155257089,Norwegian
198,5eUdBL2ez0RewnVgz7mSLD,Norwegian black metal,24,user,11131824140,Norwegian
199,23r1suOCqJyFVzkIfkem3u,Norsk Svartmetall,91,user,upom8k6ub5idv8lyg48bngy12,Norwegian
200,73BbfDjVYfv90rnEqNAdCL,Norwegian Death Metal,369,user,jake.bellmore,Norwegian
201,243OJvAu7qkMecyaA7abWX,Trvekvlt/black metal/dsbm/norwegianblackmetal/kill/die/autumn/,218,user,11148985904,Norwegian
202,785nW7z7f14xeaH7rNMxGI,üá≥üá¥Norwegian Black Metal Bandsüá≥üá¥,55,user,314grbyw63n47zrdfg44fvaivc5m,Norwegian
203,75rrd9ZjmSJihUuMASH38L,HALLOWED BE THY BLACKENED LOCUST!,46,user,xuezt7fuamv2ae1drhy4v7aj0,Norwegian
204,2dA5UjHSCal4fHKbjhAHMK,Norvegr,141,user,leif-ericson,Norwegian
205,0KKEtX27s0IWv7PhWyj6JS,NORSK SVARTMETALL,877,user,f.kreem,Norwegian
206,3ElZfgLnJc90qdCSeM3eAb,Norwegian Black metal,31,user,0306hcaqbk18ajmfkivwfkw1g,Norwegian
207,2FON0H5mB25jLcsi4tTPPi,Black Metal,77,user,nfadikqe1vq536gtpme5uux0t,Norwegian
208,7EJoj112ZHv8xfSYp6yVj9,"Nordic Scandinavian Dirtwave - Punk, Rock and Metal from Scandinavia",44,user,1116409350,Norwegian
209,5vfKLA8IO5uZUG5CPiTfst,Norwegian Death Metal,119,user,12100583393,Norwegian
210,4cEAZogGOJNM60ndGyOnPj,üá≥üá¥Norwegian Black Metal Bandsüá≥üá¥,52,user,alejandro13092030,Norwegian
211,3SoGDFSqwi2upXFhe9RrAY,Best of Norwegian Black fucking METAL,21,user,brage.smith,Norwegian
212,3MJJ8VhlowNZllvtpgPhrc,Norwegian Black metal,36,user,1198556521,Norwegian
213,7G0FuTMtiW4Jwie8cDa6lP,üá≥üá¥Norwegian Black Metal Bandsüá≥üá¥ ,90,user,rg9kzm7izdfyff0s8ghikvybx,Norwegian
214,2DEkzgGOziwms6TZ0Bd9tx,'90s Norwegian Black Metal,138,user,11157205794,Norwegian
215,1jcuyou5xaiga2U91cUWrN,Norwegian Metal,63,user,1162464680,Norwegian
216,2LVgZHU58SkQTvMF6o6lU5,True Norwegian Black Metal,80,user,orexxxis,Norwegian
217,4jJQCm73Yu0GYqnEMnlo7h,"EMPEROR ""DARK ANTHEMS""",36,user,truemetalplaylists,Norwegian
218,4liVvCMVi40ChyuB7PkGlE,red,59,user,njreiss,Norwegian
219,0wqjEInzBzC4DO1y26F1B9,True Norwegian Black Metal,182,user,gwr29r0a2eyp0iwxwkcd3siz6,Norwegian
220,6HqEWqJoHiXX7iRSYcT7Ox,Raw Norwegian Black Metal,77,user,1218887888,Norwegian
221,6ifsA8Gt1zmqazcaEPntGs,üîólistening to rock is not gonna fix your life georgia.,233,user,gg-s27,Norwegian
222,2cXI0Wzr1jPvFWre4d6KjO,Mayhem,68,user,21sabtjjp5qrchqhw3wwcahqy,Norwegian
223,5guf21pnneuDlbF8lvDd2D,Feeling like shit,100,user,31gvwwxvvb2gn3yzuhp4i65jicv4,Norwegian
224,73d3lmmoI2O08s57T2gKUu,Black Metal - beats to burn churches to,189,user,qf1zn1ifzo7k9li9jlmp6e8qp,Norwegian
225,5tHy73iZ5sXsJsgAvYaQso,CrossFit,734,user,jessemansbridge,Norwegian
226,0DbBsNWPOC9BQolC8chlDj,"666 üë©‚Äçüé§üë®‚Äçüé§ punk, Rock, hardrock and metal (languages: Swedish, English, Spanish, Portuguese, finish, Germany, Norwegian,  France Arabic and others)",4694,user,dark.dragonflower,Norwegian
227,3J5WMHy6PfMYR3hvn7z8TG,Norwegian Brutal Death Metal,35,user,swxblu3uyhzr80t8wg46c5hac,Norwegian
228,2Y13zeBq8D3kUPkYdSIadd,True Norwegian Black Metal (1987‚Äì1994),178,user,qv1xuajtwv4nlimfucivzqfpu,Norwegian
229,725fRxLjui2tK2r9d5KC1V,norwegian metal,76,user,mortenag1985,Norwegian
230,6mFpE1Df2LubW72SQ7fzmw,Norwegian Darkness,57,user,krhip,Norwegian
231,1KSTZPPdjLjGX9jQ6iPR6u,The sounds of hell,379,user,kittycatazzz,Norwegian
232,2ol5dXbvBhr9JSSfU06yVX,Evelynn - Pure Norwegian Black Metal,290,user,sonofnether,Norwegian
233,7gponHJr5mtsUKH8ktZxYH,Black Metal Ambrosia,140,user,blasphemist,Norwegian
234,0kewV0eSSkRBcYKtqeBuwr,Norwegian/ Viking metal,74,user,22ywxqh3hunxn7yy4tavxv73i,Norwegian
235,0Ad3QC8OMSydeqvwkewCIr,Bymarka black metal winter,64,user,redstone82,Norwegian
236,4quHOMiw2l9s1CiAbzGglt,TOP 50 BLACK METAL SONGS OF ALL TIME,50,user,12147150229,Norwegian
237,35jkfINyiWtvUHiHUbEnwV,-l- HELVETE -l-,310,user,jorgee960,Norwegian
238,0kTQV5xqcRqNfYP66Bhu9P,Black Metal: An Overview,124,user,12588814,Norwegian
239,6snFCaouysHm8icKF4Wj3m,Norwegian Black Metal Archive,5810,user,berketunali,Norwegian
240,6o0PnhaGaS6QH5sItP2iRx,Trve Norwegian Black Metal ,38,user,zgmevpfc152h50elep42qmgbv,Norwegian
241,4H42rwZpJEhYgYvahPNrBa,Norwegian metal 2010-.....,283,user,kjinge,Norwegian
242,1VfLq44qfQsffpQemK8pTU,Norwegian Black Metal,50,user,hallonsaft98,Norwegian
243,6r6nBXe0jj90iNncyFRES0,g o t h i c aüñ§ü•Ä,37,user,rayrayts11,Norwegian
244,3pb0tMOSszwBuAOpz5iu13,,47,user,jackbananakerfee,Norwegian
245,7pRESktF56unMuluzL6UJs,Norwegian black metal,53,user,kfeuu847lgu4oddvs25v5a0tp,Norwegian
246,0pRsq1GeHPni7705Eurz1K,Norwegian Black Metal,98,user,gnv87iky6x51mkhqtaprqcdnf,Norwegian
247,3DA3jzjo2aw1Iv5XbshgIF,YO LETS GO,97,user,jibbutkiss,Norwegian
248,46D4NYYcmfH9WjN9gt490f,Norwegian Black Metal ü§üüèª,137,user,ricardosalinas6672,Norwegian
249,0VnThDMue1uf5lHj2TD5wh,Norwegian Black Metal,30,user,cemilovsyki,Norwegian
250,2WTAoXXnAfBUmSZAJLK6sa,Black Metal,118,user,javierparedes17hc,Norwegian
251,1XwlSjAKsqZlCdMjzEZ8ci,Norwegian black metal,183,user,i49ozzm0ccq7zyr9pkdl905j4,Norwegian
252,2LkPfkJ09IBSSz7qrc1M59,Norwegian Black Metal,106,user,welderiv,Norwegian
253,1lInaHCTH9QGuE38gacTaj,Daily Playlist ,29,user,119198533,Norwegian
254,7yOXm4rjb1EuVgSrTaXurq,| Norwegian Black Metal |,249,user,raceai,Norwegian
255,2jJ493sD4VV3NF330mD9mB,Mayhem + Burzum,42,user,tomas_dahlheim,Norwegian
256,3q1RPRivvsLmwYTPNSUado,üíä Merf's Death Metal,468,user,draw3cards,Norwegian
257,1NF16bzZrkSavLZsfNVvWo,Norwegian Black Metal (non-atmospheric),128,user,trevbork,Norwegian
258,2udaxbLNZpnZ6iYQw2Fclq,Natasmi's Norwegian Black Metal Playlist,38,user,ce7dfs1jdzfevgdj1hd0jngdl,Norwegian
259,1EPWFpEYHV9WLbDCfTlyaP,üá≥üá¥True Norwegian Black Metalüá≥üá¥,36,user,l0qevcwd081a73vih3a9pcw1w,Norwegian
260,2VTxlOKmEPEKLSlXCKZrCA,Satyricon: The Essentials,22,user,jonathanterra,Norwegian
261,48ZnAyEYSs6eZul8np8TMh,Norwegian black metal,54,user,fstwni438nfh922p5gpe5ol8d,Norwegian
262,0DykjeUR2UyFkqfC95yoQK,True Norwegian black metal,23,user,112111718,Norwegian
263,5EvysBW77rkAZhxObFZl2G,Norwegian Black Synth Metal,53,user,moida1,Norwegian
264,2eiJDTgjoUlVwhFKe3Bke8,Norwegian Raw Black Metal,88,user,31gskrvpbumkdbro5cy3gqfrbxme,Norwegian
265,5wlANXqxuu02d7GS0qFs7S,Black Metal ‚ö´‚ö™‚ö´,115,user,1162073913,Norwegian
266,5b6Ww9AkjN5ozEdpGSh5Bh,Marvin,1123,user,kvelertakofficial,Norwegian
267,0JUKYnD0KWG5N3MaeRhqpf,Norge Svart,46,user,1168843015,Norwegian
268,5ijCh4TAYPSiCEWM7va1Lp,This is: TrollfesT,53,user,1190150028,Norwegian
269,15TPBn3ooIzLnzEUq7f6Ta,ùñáùñëùñÜùñàùñê ùñíùñäùñôùñÜùñë,27,user,21uen7idtryx6jioka4w5jroi,Norwegian
